{
  "name": "custom.python.siebel_plugin",
  "version": "1.011",
  "type": "python",
  "entity": "HOST",
  "metricGroup": "tech.Siebel",
  "processTypes": [0],
  "source": {
    "package": "siebel_plugin",
    "className": "Siebel_plugin",
    "install_requires": [],
    "activation": "Singleton"
  },
  "metrics": [
    {
      "timeseries": {
        "key": "COM_INVOKE_METHOD.cnt",
        "unit": "Count",
        "displayname": "COM_INVOKE_METHOD Count",
        "dimensions": ["Instance"]
      }
    },
    {
      "timeseries": {
        "key": "COM_INVOKE_METHOD.time",
        "unit": "MilliSecond",
        "displayname": "COM_INVOKE_METHOD Response time",
        "dimensions": ["Instance"]
      }
    },
    {
      "timeseries": {
        "key": "COM_INVOKE_METHOD.cpu",
        "unit": "MilliSecond",
        "displayname": "COM_INVOKE_METHOD CPU time",
        "dimensions": ["Instance"]
      }
    },
    {
      "timeseries": {
        "key": "COM_INVOKE_METHOD.mem",
        "unit": "Byte",
        "displayname": "COM_INVOKE_METHOD Memory usage",
        "dimensions": ["Instance"]
      }
    },
    {
      "timeseries": {
        "key": "DBC_EXECUTE.cnt",
        "unit": "Count",
        "displayname": "DBC_EXECUTE Count",
        "dimensions": ["Instance"]
      }
    },
    {
      "timeseries": {
        "key": "DBC_EXECUTE.time",
        "unit": "MilliSecond",
        "displayname": "DBC_EXECUTE Response time",
        "dimensions": ["Instance"]
      }
    },
    {
      "timeseries": {
        "key": "DBC_EXECUTE.cpu",
        "unit": "MilliSecond",
        "displayname": "DBC_EXECUTE CPU time",
        "dimensions": ["Instance"]
      }
    },
    {
      "timeseries": {
        "key": "DBC_EXECUTE.mem",
        "unit": "Byte",
        "displayname": "DBC_EXECUTE Memory usage",
        "dimensions": ["Instance"]
      }
    },
    {
      "timeseries": {
        "key": "DBC_FETCH.cnt",
        "unit": "Count",
        "displayname": "DBC_FETCH Count",
        "dimensions": ["Instance"]
      }
    },
    {
      "timeseries": {
        "key": "DBC_FETCH.time",
        "unit": "MilliSecond",
        "displayname": "DBC_FETCH Response time",
        "dimensions": ["Instance"]
      }
    },
    {
      "timeseries": {
        "key": "DBC_FETCH.cpu",
        "unit": "MilliSecond",
        "displayname": "DBC_FETCH CPU time",
        "dimensions": ["Instance"]
      }
    },
    {
      "timeseries": {
        "key": "DBC_FETCH.mem",
        "unit": "Byte",
        "displayname": "DBC_FETCH Memory usage",
        "dimensions": ["Instance"]
      }
    },
    {
      "timeseries": {
        "key": "DBC_PREPARE.cnt",
        "unit": "Count",
        "displayname": "DBC_PREPARE Count",
        "dimensions": ["Instance"]
      }
    },
    {
      "timeseries": {
        "key": "DBC_PREPARE.time",
        "unit": "MilliSecond",
        "displayname": "DBC_PREPARE Response time",
        "dimensions": ["Instance"]
      }
    },
    {
      "timeseries": {
        "key": "DBC_PREPARE.cpu",
        "unit": "MilliSecond",
        "displayname": "DBC_PREPARE CPU time",
        "dimensions": ["Instance"]
      }
    },
    {
      "timeseries": {
        "key": "DBC_PREPARE.mem",
        "unit": "Byte",
        "displayname": "DBC_PREPARE Memory usage",
        "dimensions": ["Instance"]
      }
    },
    {
      "timeseries": {
        "key": "DBC_WRITE.cnt",
        "unit": "Count",
        "displayname": "DBC_WRITE Count",
        "dimensions": ["Instance"]
      }
    },
    {
      "timeseries": {
        "key": "DBC_WRITE.time",
        "unit": "MilliSecond",
        "displayname": "DBC_WRITE Response time",
        "dimensions": ["Instance"]
      }
    },
    {
      "timeseries": {
        "key": "DBC_WRITE.cpu",
        "unit": "MilliSecond",
        "displayname": "DBC_WRITE CPU time",
        "dimensions": ["Instance"]
      }
    },
    {
      "timeseries": {
        "key": "DBC_WRITE.mem",
        "unit": "Byte",
        "displayname": "DBC_WRITE Memory usage",
        "dimensions": ["Instance"]
      }
    },
    {
      "timeseries": {
        "key": "EAITRANSP_TRANSPORT_SEND_RECEIVE.cnt",
        "unit": "Count",
        "displayname": "EAITRANSP_TRANSPORT_SEND_RECEIVE Count",
        "dimensions": ["Instance"]
      }
    },
    {
      "timeseries": {
        "key": "EAITRANSP_TRANSPORT_SEND_RECEIVE.time",
        "unit": "MilliSecond",
        "displayname": "EAITRANSP_TRANSPORT_SEND_RECEIVE Response time",
        "dimensions": ["Instance"]
      }
    },
    {
      "timeseries": {
        "key": "EAITRANSP_TRANSPORT_SEND_RECEIVE.cpu",
        "unit": "MilliSecond",
        "displayname": "EAITRANSP_TRANSPORT_SEND_RECEIVE CPU time",
        "dimensions": ["Instance"]
      }
    },
    {
      "timeseries": {
        "key": "EAITRANSP_TRANSPORT_SEND_RECEIVE.mem",
        "unit": "Byte",
        "displayname": "EAITRANSP_TRANSPORT_SEND_RECEIVE Memory usage",
        "dimensions": ["Instance"]
      }
    },
    {
      "timeseries": {
        "key": "FSM_SENDREQ.cnt",
        "unit": "Count",
        "displayname": "FSM_SENDREQ Count",
        "dimensions": ["Instance"]
      }
    },
    {
      "timeseries": {
        "key": "FSM_SENDREQ.time",
        "unit": "MilliSecond",
        "displayname": "FSM_SENDREQ Response time",
        "dimensions": ["Instance"]
      }
    },
    {
      "timeseries": {
        "key": "FSM_SENDREQ.cpu",
        "unit": "MilliSecond",
        "displayname": "FSM_SENDREQ CPU time",
        "dimensions": ["Instance"]
      }
    },
    {
      "timeseries": {
        "key": "FSM_SENDREQ.mem",
        "unit": "Byte",
        "displayname": "FSM_SENDREQ Memory usage",
        "dimensions": ["Instance"]
      }
    },
    {
      "timeseries": {
        "key": "SCRIPT_B_EXECUTE_EVENT.cnt",
        "unit": "Count",
        "displayname": "SCRIPT_B_EXECUTE_EVENT Count",
        "dimensions": ["Instance"]
      }
    },
    {
      "timeseries": {
        "key": "SCRIPT_B_EXECUTE_EVENT.time",
        "unit": "MilliSecond",
        "displayname": "SCRIPT_B_EXECUTE_EVENT Response time",
        "dimensions": ["Instance"]
      }
    },
    {
      "timeseries": {
        "key": "SCRIPT_B_EXECUTE_EVENT.cpu",
        "unit": "MilliSecond",
        "displayname": "SCRIPT_B_EXECUTE_EVENT CPU time",
        "dimensions": ["Instance"]
      }
    },
    {
      "timeseries": {
        "key": "SCRIPT_B_EXECUTE_EVENT.mem",
        "unit": "Byte",
        "displayname": "SCRIPT_B_EXECUTE_EVENT Memory usage",
        "dimensions": ["Instance"]
      }
    },
    {
      "timeseries": {
        "key": "SCRIPT_J_EXECUTE_EVENT.cnt",
        "unit": "Count",
        "displayname": "SCRIPT_J_EXECUTE_EVENT Count",
        "dimensions": ["Instance"]
      }
    },
    {
      "timeseries": {
        "key": "SCRIPT_J_EXECUTE_EVENT.time",
        "unit": "MilliSecond",
        "displayname": "SCRIPT_J_EXECUTE_EVENT Response time",
        "dimensions": ["Instance"]
      }
    },
    {
      "timeseries": {
        "key": "SCRIPT_J_EXECUTE_EVENT.cpu",
        "unit": "MilliSecond",
        "displayname": "SCRIPT_J_EXECUTE_EVENT CPU time",
        "dimensions": ["Instance"]
      }
    },
    {
      "timeseries": {
        "key": "SCRIPT_J_EXECUTE_EVENT.mem",
        "unit": "Byte",
        "displayname": "SCRIPT_J_EXECUTE_EVENT Memory usage",
        "dimensions": ["Instance"]
      }
    },
    {
      "timeseries": {
        "key": "SRB_ASYNCMSG.cnt",
        "unit": "Count",
        "displayname": "SRB_ASYNCMSG Count",
        "dimensions": ["Instance"]
      }
    },
    {
      "timeseries": {
        "key": "SRB_ASYNCMSG.time",
        "unit": "MilliSecond",
        "displayname": "SRB_ASYNCMSG Response time",
        "dimensions": ["Instance"]
      }
    },
    {
      "timeseries": {
        "key": "SRB_ASYNCMSG.cpu",
        "unit": "MilliSecond",
        "displayname": "SRB_ASYNCMSG CPU time",
        "dimensions": ["Instance"]
      }
    },
    {
      "timeseries": {
        "key": "SRB_ASYNCMSG.mem",
        "unit": "Byte",
        "displayname": "SRB_ASYNCMSG Memory usage",
        "dimensions": ["Instance"]
      }
    },
    {
      "timeseries": {
        "key": "SRB_SYNCMSG.cnt",
        "unit": "Count",
        "displayname": "SRB_SYNCMSG Count",
        "dimensions": ["Instance"]
      }
    },
    {
      "timeseries": {
        "key": "SRB_SYNCMSG.time",
        "unit": "MilliSecond",
        "displayname": "SRB_SYNCMSG Response time",
        "dimensions": ["Instance"]
      }
    },
    {
      "timeseries": {
        "key": "SRB_SYNCMSG.cpu",
        "unit": "MilliSecond",
        "displayname": "SRB_SYNCMSG CPU time",
        "dimensions": ["Instance"]
      }
    },
    {
      "timeseries": {
        "key": "SRB_SYNCMSG.mem",
        "unit": "Byte",
        "displayname": "SRB_SYNCMSG Memory usage",
        "dimensions": ["Instance"]
      }
    },
    {
      "timeseries": {
        "key": "SRM_COMPSHELL.cnt",
        "unit": "Count",
        "displayname": "SRM_COMPSHELL Count",
        "dimensions": ["Instance"]
      }
    },
    {
      "timeseries": {
        "key": "SRM_COMPSHELL.time",
        "unit": "MilliSecond",
        "displayname": "SRM_COMPSHELL Response time",
        "dimensions": ["Instance"]
      }
    },
    {
      "timeseries": {
        "key": "SRM_COMPSHELL.cpu",
        "unit": "MilliSecond",
        "displayname": "SRM_COMPSHELL CPU time",
        "dimensions": ["Instance"]
      }
    },
    {
      "timeseries": {
        "key": "SRM_COMPSHELL.mem",
        "unit": "Byte",
        "displayname": "SRM_COMPSHELL Memory usage",
        "dimensions": ["Instance"]
      }
    },
    {
      "timeseries": {
        "key": "WORKFLOW_CORDR_EXECUTE.cnt",
        "unit": "Count",
        "displayname": "WORKFLOW_CORDR_EXECUTE Count",
        "dimensions": ["Instance"]
      }
    },
    {
      "timeseries": {
        "key": "WORKFLOW_CORDR_EXECUTE.time",
        "unit": "MilliSecond",
        "displayname": "WORKFLOW_CORDR_EXECUTE Response time",
        "dimensions": ["Instance"]
      }
    },
    {
      "timeseries": {
        "key": "WORKFLOW_CORDR_EXECUTE.cpu",
        "unit": "MilliSecond",
        "displayname": "WORKFLOW_CORDR_EXECUTE CPU time",
        "dimensions": ["Instance"]
      }
    },
    {
      "timeseries": {
        "key": "WORKFLOW_CORDR_EXECUTE.mem",
        "unit": "Byte",
        "displayname": "WORKFLOW_CORDR_EXECUTE Memory usage",
        "dimensions": ["Instance"]
      }
    },
    {
      "timeseries": {
        "key": "WORKFLOW_ENGNE_INVOKE.cnt",
        "unit": "Count",
        "displayname": "WORKFLOW_ENGNE_INVOKE Count",
        "dimensions": ["Instance"]
      }
    },
    {
      "timeseries": {
        "key": "WORKFLOW_ENGNE_INVOKE.time",
        "unit": "MilliSecond",
        "displayname": "WORKFLOW_ENGNE_INVOKE Response time",
        "dimensions": ["Instance"]
      }
    },
    {
      "timeseries": {
        "key": "WORKFLOW_ENGNE_INVOKE.cpu",
        "unit": "MilliSecond",
        "displayname": "WORKFLOW_ENGNE_INVOKE CPU time",
        "dimensions": ["Instance"]
      }
    },
    {
      "timeseries": {
        "key": "WORKFLOW_ENGNE_INVOKE.mem",
        "unit": "Byte",
        "displayname": "WORKFLOW_ENGNE_INVOKE Memory usage",
        "dimensions": ["Instance"]
      }
    },
    {
      "timeseries": {
        "key": "OTHER.cnt",
        "unit": "Count",
        "displayname": "OTHER Count",
        "dimensions": ["Instance"]
      }
    },
    {
      "timeseries": {
        "key": "OTHER.time",
        "unit": "MilliSecond",
        "displayname": "OTHER Response time",
        "dimensions": ["Instance"]
      }
    },
    {
      "timeseries": {
        "key": "OTHER.cpu",
        "unit": "MilliSecond",
        "displayname": "OTHER CPU time",
        "dimensions": ["Instance"]
      }
    },
    {
      "timeseries": {
        "key": "OTHER.mem",
        "unit": "Byte",
        "displayname": "OTHER Memory usage",
        "dimensions": ["Instance"]
      }
    },
    {
      "timeseries": {
        "key": "SARM_IO.cnt",
        "unit": "Count",
        "displayname": "SARM_IO Count",
        "dimensions": ["Instance"]
      }
    },
    {
      "timeseries": {
        "key": "SARM_IO.time",
        "unit": "MilliSecond",
        "displayname": "SARM_IO Response time",
        "dimensions": ["Instance"]
      }
    },
    {
      "timeseries": {
        "key": "SARM_IO.cpu",
        "unit": "MilliSecond",
        "displayname": "SARM_IO CPU time",
        "dimensions": ["Instance"]
      }
    },
    {
      "timeseries": {
        "key": "SARM_IO.mem",
        "unit": "Byte",
        "displayname": "SARM_IO Memory usage",
        "dimensions": ["Instance"]
      }
    },
    {
      "timeseries": {
        "key": "SWSE_COMPRESS.cnt",
        "unit": "Count",
        "displayname": "SWSE_COMPRESS Count",
        "dimensions": ["Instance"]
      }
    },
    {
      "timeseries": {
        "key": "SWSE_COMPRESS.time",
        "unit": "MilliSecond",
        "displayname": "SWSE_COMPRESS Response time",
        "dimensions": ["Instance"]
      }
    },
    {
      "timeseries": {
        "key": "SWSE_COMPRESS.cpu",
        "unit": "MilliSecond",
        "displayname": "SWSE_COMPRESS CPU time",
        "dimensions": ["Instance"]
      }
    },
    {
      "timeseries": {
        "key": "SWSE_COMPRESS.mem",
        "unit": "Byte",
        "displayname": "SWSE_COMPRESS Memory usage",
        "dimensions": ["Instance"]
      }
    },
    {
      "timeseries": {
        "key": "SWSE_LOGIN.cnt",
        "unit": "Count",
        "displayname": "SWSE_LOGIN Count",
        "dimensions": ["Instance"]
      }
    },
    {
      "timeseries": {
        "key": "SWSE_LOGIN.time",
        "unit": "MilliSecond",
        "displayname": "SWSE_LOGIN Response time",
        "dimensions": ["Instance"]
      }
    },
    {
      "timeseries": {
        "key": "SWSE_LOGIN.cpu",
        "unit": "MilliSecond",
        "displayname": "SWSE_LOGIN CPU time",
        "dimensions": ["Instance"]
      }
    },
    {
      "timeseries": {
        "key": "SWSE_LOGIN.mem",
        "unit": "Byte",
        "displayname": "SWSE_LOGIN Memory usage",
        "dimensions": ["Instance"]
      }
    },
    {
      "timeseries": {
        "key": "SWSE_REQUEST.cnt",
        "unit": "Count",
        "displayname": "SWSE_REQUEST Count",
        "dimensions": ["Instance"]
      }
    },
    {
      "timeseries": {
        "key": "SWSE_REQUEST.time",
        "unit": "MilliSecond",
        "displayname": "SWSE_REQUEST Response time",
        "dimensions": ["Instance"]
      }
    },
    {
      "timeseries": {
        "key": "SWSE_REQUEST.cpu",
        "unit": "MilliSecond",
        "displayname": "SWSE_REQUEST CPU time",
        "dimensions": ["Instance"]
      }
    },
    {
      "timeseries": {
        "key": "SWSE_REQUEST.mem",
        "unit": "Byte",
        "displayname": "SWSE_REQUEST Memory usage",
        "dimensions": ["Instance"]
      }
    },
    {
      "timeseries": {
        "key": "SWSE_SENDMSG.cnt",
        "unit": "Count",
        "displayname": "SWSE_SENDMSG Count",
        "dimensions": ["Instance"]
      }
    },
    {
      "timeseries": {
        "key": "SWSE_SENDMSG.time",
        "unit": "MilliSecond",
        "displayname": "SWSE_SENDMSG Response time",
        "dimensions": ["Instance"]
      }
    },
    {
      "timeseries": {
        "key": "SWSE_SENDMSG.cpu",
        "unit": "MilliSecond",
        "displayname": "SWSE_SENDMSG CPU time",
        "dimensions": ["Instance"]
      }
    },
    {
      "timeseries": {
        "key": "SWSE_SENDMSG.mem",
        "unit": "Byte",
        "displayname": "SWSE_SENDMSG Memory usage",
        "dimensions": ["Instance"]
      }
    },
    {
      "timeseries": {
        "key": "INFRA_CACHESTATS.cnt",
        "unit": "Count",
        "displayname": "INFRA_CACHESTATS Count",
        "dimensions": ["Instance"]
      }
    },
    {
      "timeseries": {
        "key": "INFRA_CACHESTATS.time",
        "unit": "MilliSecond",
        "displayname": "INFRA_CACHESTATS Response time",
        "dimensions": ["Instance"]
      }
    },
    {
      "timeseries": {
        "key": "INFRA_CACHESTATS.cpu",
        "unit": "MilliSecond",
        "displayname": "INFRA_CACHESTATS CPU time",
        "dimensions": ["Instance"]
      }
    },
    {
      "timeseries": {
        "key": "INFRA_CACHESTATS.mem",
        "unit": "Byte",
        "displayname": "INFRA_CACHESTATS Memory usage",
        "dimensions": ["Instance"]
      }
    },
    {
      "timeseries": {
        "key": "INFRA_ENTRY.cnt",
        "unit": "Count",
        "displayname": "INFRA_ENTRY Count",
        "dimensions": ["Instance"]
      }
    },
    {
      "timeseries": {
        "key": "INFRA_ENTRY.time",
        "unit": "MilliSecond",
        "displayname": "INFRA_ENTRY Response time",
        "dimensions": ["Instance"]
      }
    },
    {
      "timeseries": {
        "key": "INFRA_ENTRY.cpu",
        "unit": "MilliSecond",
        "displayname": "INFRA_ENTRY CPU time",
        "dimensions": ["Instance"]
      }
    },
    {
      "timeseries": {
        "key": "INFRA_ENTRY.mem",
        "unit": "Byte",
        "displayname": "INFRA_ENTRY Memory usage",
        "dimensions": ["Instance"]
      }
    },
    {
      "timeseries": {
        "key": "OBJMGR_SESS_LOGIN.cnt",
        "unit": "Count",
        "displayname": "OBJMGR_SESS_LOGIN Count",
        "dimensions": ["Instance"]
      }
    },
    {
      "timeseries": {
        "key": "OBJMGR_SESS_LOGIN.time",
        "unit": "MilliSecond",
        "displayname": "OBJMGR_SESS_LOGIN Response time",
        "dimensions": ["Instance"]
      }
    },
    {
      "timeseries": {
        "key": "OBJMGR_SESS_LOGIN.cpu",
        "unit": "MilliSecond",
        "displayname": "OBJMGR_SESS_LOGIN CPU time",
        "dimensions": ["Instance"]
      }
    },
    {
      "timeseries": {
        "key": "OBJMGR_SESS_LOGIN.mem",
        "unit": "Byte",
        "displayname": "OBJMGR_SESS_LOGIN Memory usage",
        "dimensions": ["Instance"]
      }
    },
    {
      "timeseries": {
        "key": "SWE_CMD_SWEUAID.cnt",
        "unit": "Count",
        "displayname": "SWE_CMD_SWEUAID Count",
        "dimensions": ["Instance"]
      }
    },
    {
      "timeseries": {
        "key": "SWE_CMD_SWEUAID.time",
        "unit": "MilliSecond",
        "displayname": "SWE_CMD_SWEUAID Response time",
        "dimensions": ["Instance"]
      }
    },
    {
      "timeseries": {
        "key": "SWE_CMD_SWEUAID.cpu",
        "unit": "MilliSecond",
        "displayname": "SWE_CMD_SWEUAID CPU time",
        "dimensions": ["Instance"]
      }
    },
    {
      "timeseries": {
        "key": "SWE_CMD_SWEUAID.mem",
        "unit": "Byte",
        "displayname": "SWE_CMD_SWEUAID Memory usage",
        "dimensions": ["Instance"]
      }
    },
    {
      "timeseries": {
        "key": "SWEPAGE_APPLET_BUILD.cnt",
        "unit": "Count",
        "displayname": "SWEPAGE_APPLET_BUILD Count",
        "dimensions": ["Instance"]
      }
    },
    {
      "timeseries": {
        "key": "SWEPAGE_APPLET_BUILD.time",
        "unit": "MilliSecond",
        "displayname": "SWEPAGE_APPLET_BUILD Response time",
        "dimensions": ["Instance"]
      }
    },
    {
      "timeseries": {
        "key": "SWEPAGE_APPLET_BUILD.cpu",
        "unit": "MilliSecond",
        "displayname": "SWEPAGE_APPLET_BUILD CPU time",
        "dimensions": ["Instance"]
      }
    },
    {
      "timeseries": {
        "key": "SWEPAGE_APPLET_BUILD.mem",
        "unit": "Byte",
        "displayname": "SWEPAGE_APPLET_BUILD Memory usage",
        "dimensions": ["Instance"]
      }
    },
    {
      "timeseries": {
        "key": "SWEPAGE_APPLET_SHOW.cnt",
        "unit": "Count",
        "displayname": "SWEPAGE_APPLET_SHOW Count",
        "dimensions": ["Instance"]
      }
    },
    {
      "timeseries": {
        "key": "SWEPAGE_APPLET_SHOW.time",
        "unit": "MilliSecond",
        "displayname": "SWEPAGE_APPLET_SHOW Response time",
        "dimensions": ["Instance"]
      }
    },
    {
      "timeseries": {
        "key": "SWEPAGE_APPLET_SHOW.cpu",
        "unit": "MilliSecond",
        "displayname": "SWEPAGE_APPLET_SHOW CPU time",
        "dimensions": ["Instance"]
      }
    },
    {
      "timeseries": {
        "key": "SWEPAGE_APPLET_SHOW.mem",
        "unit": "Byte",
        "displayname": "SWEPAGE_APPLET_SHOW Memory usage",
        "dimensions": ["Instance"]
      }
    },
    {
      "timeseries": {
        "key": "SWEPAGE_VIEW_BUILD.cnt",
        "unit": "Count",
        "displayname": "SWEPAGE_VIEW_BUILD Count",
        "dimensions": ["Instance"]
      }
    },
    {
      "timeseries": {
        "key": "SWEPAGE_VIEW_BUILD.time",
        "unit": "MilliSecond",
        "displayname": "SWEPAGE_VIEW_BUILD Response time",
        "dimensions": ["Instance"]
      }
    },
    {
      "timeseries": {
        "key": "SWEPAGE_VIEW_BUILD.cpu",
        "unit": "MilliSecond",
        "displayname": "SWEPAGE_VIEW_BUILD CPU time",
        "dimensions": ["Instance"]
      }
    },
    {
      "timeseries": {
        "key": "SWEPAGE_VIEW_BUILD.mem",
        "unit": "Byte",
        "displayname": "SWEPAGE_VIEW_BUILD Memory usage",
        "dimensions": ["Instance"]
      }
    },
    {
      "timeseries": {
        "key": "SWEPAGE_VIEW_LAYOUT.cnt",
        "unit": "Count",
        "displayname": "SWEPAGE_VIEW_LAYOUT Count",
        "dimensions": ["Instance"]
      }
    },
    {
      "timeseries": {
        "key": "SWEPAGE_VIEW_LAYOUT.time",
        "unit": "MilliSecond",
        "displayname": "SWEPAGE_VIEW_LAYOUT Response time",
        "dimensions": ["Instance"]
      }
    },
    {
      "timeseries": {
        "key": "SWEPAGE_VIEW_LAYOUT.cpu",
        "unit": "MilliSecond",
        "displayname": "SWEPAGE_VIEW_LAYOUT CPU time",
        "dimensions": ["Instance"]
      }
    },
    {
      "timeseries": {
        "key": "SWEPAGE_VIEW_LAYOUT.mem",
        "unit": "Byte",
        "displayname": "SWEPAGE_VIEW_LAYOUT Memory usage",
        "dimensions": ["Instance"]
      }
    },
    {
      "timeseries": {
        "key": "SWEPAGE_VIEW_SHOW.cnt",
        "unit": "Count",
        "displayname": "SWEPAGE_VIEW_SHOW Count",
        "dimensions": ["Instance"]
      }
    },
    {
      "timeseries": {
        "key": "SWEPAGE_VIEW_SHOW.time",
        "unit": "MilliSecond",
        "displayname": "SWEPAGE_VIEW_SHOW Response time",
        "dimensions": ["Instance"]
      }
    },
    {
      "timeseries": {
        "key": "SWEPAGE_VIEW_SHOW.cpu",
        "unit": "MilliSecond",
        "displayname": "SWEPAGE_VIEW_SHOW CPU time",
        "dimensions": ["Instance"]
      }
    },
    {
      "timeseries": {
        "key": "SWEPAGE_VIEW_SHOW.mem",
        "unit": "Byte",
        "displayname": "SWEPAGE_VIEW_SHOW Memory usage",
        "dimensions": ["Instance"]
      }
    }
  ],
	"ui": {
		"keycharts": [
			{
				"group": "Siebel",
				"title": "Usage",
				"series": [
					{
						"key": "COM_INVOKE_METHOD.cnt",
                        "displayname": "COM_INVOKE_METHOD",
                        "aggregation": "SUM",
                        "mergeaggregation": "SUM",
                        "seriestype": "area",
                        "stacked": true
					},
					{
						"key": "DBC_EXECUTE.cnt",
                        "displayname": "DBC_EXECUTE",
                        "aggregation": "SUM",
                        "mergeaggregation": "SUM",
                        "seriestype": "area",
                        "stacked": true
					},
					{
						"key": "DBC_FETCH.cnt",
                        "displayname": "DBC_FETCH",
                        "aggregation": "SUM",
                        "mergeaggregation": "SUM",
                        "seriestype": "area",
                        "stacked": true
					},
					{
						"key": "DBC_PREPARE.cnt",
                        "displayname": "DBC_PREPARE",
                        "aggregation": "SUM",
                        "mergeaggregation": "SUM",
                        "seriestype": "area",
                        "stacked": true
					},
					{
						"key": "DBC_WRITE.cnt",
                        "displayname": "DBC_WRITE",
                        "aggregation": "SUM",
                        "mergeaggregation": "SUM",
                        "seriestype": "area",
                        "stacked": true
					},
					{
						"key": "EAITRANSP_TRANSPORT_SEND_RECEIVE.cnt",
                        "displayname": "EAITRANSP_TRANSPORT_SEND_RECEIVE",
                        "aggregation": "SUM",
                        "mergeaggregation": "SUM",
                        "seriestype": "area",
                        "stacked": true
					},
					{
						"key": "FSM_SENDREQ.cnt",
                        "displayname": "FSM_SENDREQ",
                        "aggregation": "SUM",
                        "mergeaggregation": "SUM",
                        "seriestype": "area",
                        "stacked": true
					},
					{
						"key": "SCRIPT_B_EXECUTE_EVENT.cnt",
                        "displayname": "SCRIPT_B_EXECUTE_EVENT",
                        "aggregation": "SUM",
                        "mergeaggregation": "SUM",
                        "seriestype": "area",
                        "stacked": true
					},
					{
						"key": "SCRIPT_J_EXECUTE_EVENT.cnt",
                        "displayname": "SCRIPT_J_EXECUTE_EVENT",
                        "aggregation": "SUM",
                        "mergeaggregation": "SUM",
                        "seriestype": "area",
                        "stacked": true
					},
					{
						"key": "SRB_ASYNCMSG.cnt",
                        "displayname": "SRB_ASYNCMSG",
                        "aggregation": "SUM",
                        "mergeaggregation": "SUM",
                        "seriestype": "area",
                        "stacked": true
					},
					{
						"key": "SRB_SYNCMSG.cnt",
                        "displayname": "SRB_SYNCMSG",
                        "aggregation": "SUM",
                        "mergeaggregation": "SUM",
                        "seriestype": "area",
                        "stacked": true
					},
					{
						"key": "SRM_COMPSHELL.cnt",
                        "displayname": "SRM_COMPSHELL",
                        "aggregation": "SUM",
                        "mergeaggregation": "SUM",
                        "seriestype": "area",
                        "stacked": true
					},
					{
						"key": "WORKFLOW_CORDR_EXECUTE.cnt",
                        "displayname": "WORKFLOW_CORDR_EXECUTE",
                        "aggregation": "SUM",
                        "mergeaggregation": "SUM",
                        "seriestype": "area",
                        "stacked": true
					},
					{
						"key": "WORKFLOW_ENGNE_INVOKE.cnt",
                        "displayname": "WORKFLOW_ENGNE_INVOKE",
                        "aggregation": "SUM",
                        "mergeaggregation": "SUM",
                        "seriestype": "area",
                        "stacked": true
					},
					{
						"key": "SARM_IO.cnt",
                        "displayname": "SARM_IO",
                        "aggregation": "SUM",
                        "mergeaggregation": "SUM",
                        "seriestype": "area",
                        "stacked": true
					},
					{
						"key": "SWSE_COMPRESS.cnt",
                        "displayname": "SWSE_COMPRESS",
                        "aggregation": "SUM",
                        "mergeaggregation": "SUM",
                        "seriestype": "area",
                        "stacked": true
					},
					{
						"key": "SWSE_LOGIN.cnt",
                        "displayname": "SWSE_LOGIN",
                        "aggregation": "SUM",
                        "mergeaggregation": "SUM",
                        "seriestype": "area",
                        "stacked": true
					},
					{
						"key": "SWSE_REQUEST.cnt",
                        "displayname": "SWSE_REQUEST",
                        "aggregation": "SUM",
                        "mergeaggregation": "SUM",
                        "seriestype": "area",
                        "stacked": true
					},
					{
						"key": "SWSE_SENDMSG.cnt",
                        "displayname": "SWSE_SENDMSG",
                        "aggregation": "SUM",
                        "mergeaggregation": "SUM",
                        "seriestype": "area",
                        "stacked": true
					},
					{
						"key": "INFRA_CACHESTATS.cnt",
                        "displayname": "INFRA_CACHESTATS",
                        "aggregation": "SUM",
                        "mergeaggregation": "SUM",
                        "seriestype": "area",
                        "stacked": true
					},
					{
						"key": "INFRA_ENTRY.cnt",
                        "displayname": "INFRA_ENTRY",
                        "aggregation": "SUM",
                        "mergeaggregation": "SUM",
                        "seriestype": "area",
                        "stacked": true
					},
					{
						"key": "OBJMGR_SESS_LOGIN.cnt",
                        "displayname": "OBJMGR_SESS_LOGIN",
                        "aggregation": "SUM",
                        "mergeaggregation": "SUM",
                        "seriestype": "area",
                        "stacked": true
					},
					{
						"key": "SWE_CMD_SWEUAID.cnt",
                        "displayname": "SWE_CMD_SWEUAID",
                        "aggregation": "SUM",
                        "mergeaggregation": "SUM",
                        "seriestype": "area",
                        "stacked": true
					},
					{
						"key": "SWEPAGE_APPLET_BUILD.cnt",
                        "displayname": "SWEPAGE_APPLET_BUILD",
                        "aggregation": "SUM",
                        "mergeaggregation": "SUM",
                        "seriestype": "area",
                        "stacked": true
					},
					{
						"key": "SWEPAGE_APPLET_SHOW.cnt",
                        "displayname": "SWEPAGE_APPLET_SHOW",
                        "aggregation": "SUM",
                        "mergeaggregation": "SUM",
                        "seriestype": "area",
                        "stacked": true
					},
					{
						"key": "SWEPAGE_VIEW_BUILD.cnt",
                        "displayname": "SWEPAGE_VIEW_BUILD",
                        "aggregation": "SUM",
                        "mergeaggregation": "SUM",
                        "seriestype": "area",
                        "stacked": true
					},
					{
						"key": "SWEPAGE_VIEW_LAYOUT.cnt",
                        "displayname": "SWEPAGE_VIEW_LAYOUT",
                        "aggregation": "SUM",
                        "mergeaggregation": "SUM",
                        "seriestype": "area",
                        "stacked": true
					},
					{
						"key": "SWEPAGE_VIEW_SHOW.cnt",
                        "displayname": "SWEPAGE_VIEW_SHOW",
                        "aggregation": "SUM",
                        "mergeaggregation": "SUM",
                        "seriestype": "area",
                        "stacked": true
					},
					{
						"key": "OTHER.cnt",
                        "displayname": "OTHER",
                        "aggregation": "SUM",
                        "mergeaggregation": "SUM",
                        "seriestype": "area",
                        "stacked": true
					}
				]
			},
			{
				"group": "Siebel",
				"title": "Response time",
				"series": [
					{
						"key": "COM_INVOKE_METHOD.time",
                        "displayname": "COM_INVOKE_METHOD",
                        "aggregation": "AVG",
                        "mergeaggregation": "AVG"
					},
					{
						"key": "DBC_EXECUTE.time",
                        "displayname": "DBC_EXECUTE",
                        "aggregation": "AVG",
                        "mergeaggregation": "AVG"
					},
					{
						"key": "DBC_FETCH.time",
                        "displayname": "DBC_FETCH",
                        "aggregation": "AVG",
                        "mergeaggregation": "AVG"
					},
					{
						"key": "DBC_PREPARE.time",
                        "displayname": "DBC_PREPARE",
                        "aggregation": "AVG",
                        "mergeaggregation": "AVG"
					},
					{
						"key": "DBC_WRITE.time",
                        "displayname": "DBC_WRITE",
                        "aggregation": "AVG",
                        "mergeaggregation": "AVG"
					},
					{
						"key": "EAITRANSP_TRANSPORT_SEND_RECEIVE.time",
                        "displayname": "EAITRANSP_TRANSPORT_SEND_RECEIVE",
                        "aggregation": "AVG",
                        "mergeaggregation": "AVG"
					},
					{
						"key": "FSM_SENDREQ.time",
                        "displayname": "FSM_SENDREQ",
                        "aggregation": "AVG",
                        "mergeaggregation": "AVG"
					},
					{
						"key": "SCRIPT_B_EXECUTE_EVENT.time",
                        "displayname": "SCRIPT_B_EXECUTE_EVENT",
                        "aggregation": "AVG",
                        "mergeaggregation": "AVG"
					},
					{
						"key": "SCRIPT_J_EXECUTE_EVENT.time",
                        "displayname": "SCRIPT_J_EXECUTE_EVENT",
                        "aggregation": "AVG",
                        "mergeaggregation": "AVG"
					},
					{
						"key": "SRB_ASYNCMSG.time",
                        "displayname": "SRB_ASYNCMSG",
                        "aggregation": "AVG",
                        "mergeaggregation": "AVG"
					},
					{
						"key": "SRB_SYNCMSG.time",
                        "displayname": "SRB_SYNCMSG",
                        "aggregation": "AVG",
                        "mergeaggregation": "AVG"
					},
					{
						"key": "SRM_COMPSHELL.time",
                        "displayname": "SRM_COMPSHELL",
                        "aggregation": "AVG",
                        "mergeaggregation": "AVG"
					},
					{
						"key": "WORKFLOW_CORDR_EXECUTE.time",
                        "displayname": "WORKFLOW_CORDR_EXECUTE",
                        "aggregation": "AVG",
                        "mergeaggregation": "AVG"
					},
					{
						"key": "WORKFLOW_ENGNE_INVOKE.time",
                        "displayname": "WORKFLOW_ENGNE_INVOKE",
                        "aggregation": "AVG",
                        "mergeaggregation": "AVG"
					},
					{
						"key": "SARM_IO.time",
                        "displayname": "SARM_IO",
                        "aggregation": "AVG",
                        "mergeaggregation": "AVG"
					},
					{
						"key": "SWSE_COMPRESS.time",
                        "displayname": "SWSE_COMPRESS",
                        "aggregation": "AVG",
                        "mergeaggregation": "AVG"
					},
					{
						"key": "SWSE_LOGIN.time",
                        "displayname": "SWSE_LOGIN",
                        "aggregation": "AVG",
                        "mergeaggregation": "AVG"
					},
					{
						"key": "SWSE_REQUEST.time",
                        "displayname": "SWSE_REQUEST",
                        "aggregation": "AVG",
                        "mergeaggregation": "AVG"
					},
					{
						"key": "SWSE_SENDMSG.time",
                        "displayname": "SWSE_SENDMSG",
                        "aggregation": "AVG",
                        "mergeaggregation": "AVG"
					},
					{
						"key": "INFRA_CACHESTATS.time",
                        "displayname": "INFRA_CACHESTATS",
                        "aggregation": "AVG",
                        "mergeaggregation": "AVG"
					},
					{
						"key": "INFRA_ENTRY.time",
                        "displayname": "INFRA_ENTRY",
                        "aggregation": "AVG",
                        "mergeaggregation": "AVG"
					},
					{
						"key": "OBJMGR_SESS_LOGIN.time",
                        "displayname": "OBJMGR_SESS_LOGIN",
                        "aggregation": "AVG",
                        "mergeaggregation": "AVG"
					},
					{
						"key": "SWE_CMD_SWEUAID.time",
                        "displayname": "SWE_CMD_SWEUAID",
                        "aggregation": "AVG",
                        "mergeaggregation": "AVG"
					},
					{
						"key": "SWEPAGE_APPLET_BUILD.time",
                        "displayname": "SWEPAGE_APPLET_BUILD",
                        "aggregation": "AVG",
                        "mergeaggregation": "AVG"
					},
					{
						"key": "SWEPAGE_APPLET_SHOW.time",
                        "displayname": "SWEPAGE_APPLET_SHOW",
                        "aggregation": "AVG",
                        "mergeaggregation": "AVG"
					},
					{
						"key": "SWEPAGE_VIEW_BUILD.time",
                        "displayname": "SWEPAGE_VIEW_BUILD",
                        "aggregation": "AVG",
                        "mergeaggregation": "AVG"
					},
					{
						"key": "SWEPAGE_VIEW_LAYOUT.time",
                        "displayname": "SWEPAGE_VIEW_LAYOUT",
                        "aggregation": "AVG",
                        "mergeaggregation": "AVG"
					},
					{
						"key": "SWEPAGE_VIEW_SHOW.time",
                        "displayname": "SWEPAGE_VIEW_SHOW",
                        "aggregation": "AVG",
                        "mergeaggregation": "AVG"
					},
					{
						"key": "OTHER.time",
                        "displayname": "OTHER",
                        "aggregation": "AVG",
                        "mergeaggregation": "AVG"
					}
                ]
            },
			{
				"group": "Siebel",
				"title": "CPU time",
				"series": [
					{
						"key": "COM_INVOKE_METHOD.cpu",
                        "displayname": "COM_INVOKE_METHOD",
                        "aggregation": "SUM",
                        "mergeaggregation": "SUM",
                        "seriestype": "area",
                        "stacked": true
					},
					{
						"key": "DBC_EXECUTE.cpu",
                        "displayname": "DBC_EXECUTE",
                        "aggregation": "SUM",
                        "mergeaggregation": "SUM",
                        "seriestype": "area",
                        "stacked": true
					},
					{
						"key": "DBC_FETCH.cpu",
                        "displayname": "DBC_FETCH",
                        "aggregation": "SUM",
                        "mergeaggregation": "SUM",
                        "seriestype": "area",
                        "stacked": true
					},
					{
						"key": "DBC_PREPARE.cpu",
                        "displayname": "DBC_PREPARE",
                        "aggregation": "SUM",
                        "mergeaggregation": "SUM",
                        "seriestype": "area",
                        "stacked": true
					},
					{
						"key": "DBC_WRITE.cpu",
                        "displayname": "DBC_WRITE",
                        "aggregation": "SUM",
                        "mergeaggregation": "SUM",
                        "seriestype": "area",
                        "stacked": true
					},
					{
						"key": "EAITRANSP_TRANSPORT_SEND_RECEIVE.cpu",
                        "displayname": "EAITRANSP_TRANSPORT_SEND_RECEIVE",
                        "aggregation": "SUM",
                        "mergeaggregation": "SUM",
                        "seriestype": "area",
                        "stacked": true
					},
					{
						"key": "FSM_SENDREQ.cpu",
                        "displayname": "FSM_SENDREQ",
                        "aggregation": "SUM",
                        "mergeaggregation": "SUM",
                        "seriestype": "area",
                        "stacked": true
					},
					{
						"key": "SCRIPT_B_EXECUTE_EVENT.cpu",
                        "displayname": "SCRIPT_B_EXECUTE_EVENT",
                        "aggregation": "SUM",
                        "mergeaggregation": "SUM",
                        "seriestype": "area",
                        "stacked": true
					},
					{
						"key": "SCRIPT_J_EXECUTE_EVENT.cpu",
                        "displayname": "SCRIPT_J_EXECUTE_EVENT",
                        "aggregation": "SUM",
                        "mergeaggregation": "SUM",
                        "seriestype": "area",
                        "stacked": true
					},
					{
						"key": "SRB_ASYNCMSG.cpu",
                        "displayname": "SRB_ASYNCMSG",
                        "aggregation": "SUM",
                        "mergeaggregation": "SUM",
                        "seriestype": "area",
                        "stacked": true
					},
					{
						"key": "SRB_SYNCMSG.cpu",
                        "displayname": "SRB_SYNCMSG",
                        "aggregation": "SUM",
                        "mergeaggregation": "SUM",
                        "seriestype": "area",
                        "stacked": true
					},
					{
						"key": "SRM_COMPSHELL.cpu",
                        "displayname": "SRM_COMPSHELL",
                        "aggregation": "SUM",
                        "mergeaggregation": "SUM",
                        "seriestype": "area",
                        "stacked": true
					},
					{
						"key": "WORKFLOW_CORDR_EXECUTE.cpu",
                        "displayname": "WORKFLOW_CORDR_EXECUTE",
                        "aggregation": "SUM",
                        "mergeaggregation": "SUM",
                        "seriestype": "area",
                        "stacked": true
					},
					{
						"key": "WORKFLOW_ENGNE_INVOKE.cpu",
                        "displayname": "WORKFLOW_ENGNE_INVOKE",
                        "aggregation": "SUM",
                        "mergeaggregation": "SUM",
                        "seriestype": "area",
                        "stacked": true
					},
					{
						"key": "SARM_IO.cpu",
                        "displayname": "SARM_IO",
                        "aggregation": "SUM",
                        "mergeaggregation": "SUM",
                        "seriestype": "area",
                        "stacked": true
					},
					{
						"key": "SWSE_COMPRESS.cpu",
                        "displayname": "SWSE_COMPRESS",
                        "aggregation": "SUM",
                        "mergeaggregation": "SUM",
                        "seriestype": "area",
                        "stacked": true
					},
					{
						"key": "SWSE_LOGIN.cpu",
                        "displayname": "SWSE_LOGIN",
                        "aggregation": "SUM",
                        "mergeaggregation": "SUM",
                        "seriestype": "area",
                        "stacked": true
					},
					{
						"key": "SWSE_REQUEST.cpu",
                        "displayname": "SWSE_REQUEST",
                        "aggregation": "SUM",
                        "mergeaggregation": "SUM",
                        "seriestype": "area",
                        "stacked": true
					},
					{
						"key": "SWSE_SENDMSG.cpu",
                        "displayname": "SWSE_SENDMSG",
                        "aggregation": "SUM",
                        "mergeaggregation": "SUM",
                        "seriestype": "area",
                        "stacked": true
					},
					{
						"key": "INFRA_CACHESTATS.cpu",
                        "displayname": "INFRA_CACHESTATS",
                        "aggregation": "SUM",
                        "mergeaggregation": "SUM",
                        "seriestype": "area",
                        "stacked": true
					},
					{
						"key": "INFRA_ENTRY.cpu",
                        "displayname": "INFRA_ENTRY",
                        "aggregation": "SUM",
                        "mergeaggregation": "SUM",
                        "seriestype": "area",
                        "stacked": true
					},
					{
						"key": "OBJMGR_SESS_LOGIN.cpu",
                        "displayname": "OBJMGR_SESS_LOGIN",
                        "aggregation": "SUM",
                        "mergeaggregation": "SUM",
                        "seriestype": "area",
                        "stacked": true
					},
					{
						"key": "SWE_CMD_SWEUAID.cpu",
                        "displayname": "SWE_CMD_SWEUAID",
                        "aggregation": "SUM",
                        "mergeaggregation": "SUM",
                        "seriestype": "area",
                        "stacked": true
					},
					{
						"key": "SWEPAGE_APPLET_BUILD.cpu",
                        "displayname": "SWEPAGE_APPLET_BUILD",
                        "aggregation": "SUM",
                        "mergeaggregation": "SUM",
                        "seriestype": "area",
                        "stacked": true
					},
					{
						"key": "SWEPAGE_APPLET_SHOW.cpu",
                        "displayname": "SWEPAGE_APPLET_SHOW",
                        "aggregation": "SUM",
                        "mergeaggregation": "SUM",
                        "seriestype": "area",
                        "stacked": true
					},
					{
						"key": "SWEPAGE_VIEW_BUILD.cpu",
                        "displayname": "SWEPAGE_VIEW_BUILD",
                        "aggregation": "SUM",
                        "mergeaggregation": "SUM",
                        "seriestype": "area",
                        "stacked": true
					},
					{
						"key": "SWEPAGE_VIEW_LAYOUT.cpu",
                        "displayname": "SWEPAGE_VIEW_LAYOUT",
                        "aggregation": "SUM",
                        "mergeaggregation": "SUM",
                        "seriestype": "area",
                        "stacked": true
					},
					{
						"key": "SWEPAGE_VIEW_SHOW.cpu",
                        "displayname": "SWEPAGE_VIEW_SHOW",
                        "aggregation": "SUM",
                        "mergeaggregation": "SUM",
                        "seriestype": "area",
                        "stacked": true
					},
					{
						"key": "OTHER.cpu",
                        "displayname": "OTHER",
                        "aggregation": "SUM",
                        "mergeaggregation": "SUM",
                        "seriestype": "area",
                        "stacked": true
					}
				]
			},
			{
				"group": "Siebel",
				"title": "Memory usage",
				"series": [
					{
						"key": "COM_INVOKE_METHOD.mem",
                        "displayname": "COM_INVOKE_METHOD",
                        "aggregation": "SUM",
                        "mergeaggregation": "SUM",
                        "seriestype": "area",
                        "stacked": true
					},
					{
						"key": "DBC_EXECUTE.mem",
                        "displayname": "DBC_EXECUTE",
                        "aggregation": "SUM",
                        "mergeaggregation": "SUM",
                        "seriestype": "area",
                        "stacked": true
					},
					{
						"key": "DBC_FETCH.mem",
                        "displayname": "DBC_FETCH",
                        "aggregation": "SUM",
                        "mergeaggregation": "SUM",
                        "seriestype": "area",
                        "stacked": true
					},
					{
						"key": "DBC_PREPARE.mem",
                        "displayname": "DBC_PREPARE",
                        "aggregation": "SUM",
                        "mergeaggregation": "SUM",
                        "seriestype": "area",
                        "stacked": true
					},
					{
						"key": "DBC_WRITE.mem",
                        "displayname": "DBC_WRITE",
                        "aggregation": "SUM",
                        "mergeaggregation": "SUM",
                        "seriestype": "area",
                        "stacked": true
					},
					{
						"key": "EAITRANSP_TRANSPORT_SEND_RECEIVE.mem",
                        "displayname": "EAITRANSP_TRANSPORT_SEND_RECEIVE",
                        "aggregation": "SUM",
                        "mergeaggregation": "SUM",
                        "seriestype": "area",
                        "stacked": true
					},
					{
						"key": "FSM_SENDREQ.mem",
                        "displayname": "FSM_SENDREQ",
                        "aggregation": "SUM",
                        "mergeaggregation": "SUM",
                        "seriestype": "area",
                        "stacked": true
					},
					{
						"key": "SCRIPT_B_EXECUTE_EVENT.mem",
                        "displayname": "SCRIPT_B_EXECUTE_EVENT",
                        "aggregation": "SUM",
                        "mergeaggregation": "SUM",
                        "seriestype": "area",
                        "stacked": true
					},
					{
						"key": "SCRIPT_J_EXECUTE_EVENT.mem",
                        "displayname": "SCRIPT_J_EXECUTE_EVENT",
                        "aggregation": "SUM",
                        "mergeaggregation": "SUM",
                        "seriestype": "area",
                        "stacked": true
					},
					{
						"key": "SRB_ASYNCMSG.mem",
                        "displayname": "SRB_ASYNCMSG",
                        "aggregation": "SUM",
                        "mergeaggregation": "SUM",
                        "seriestype": "area",
                        "stacked": true
					},
					{
						"key": "SRB_SYNCMSG.mem",
                        "displayname": "SRB_SYNCMSG",
                        "aggregation": "SUM",
                        "mergeaggregation": "SUM",
                        "seriestype": "area",
                        "stacked": true
					},
					{
						"key": "SRM_COMPSHELL.mem",
                        "displayname": "SRM_COMPSHELL",
                        "aggregation": "SUM",
                        "mergeaggregation": "SUM",
                        "seriestype": "area",
                        "stacked": true
					},
					{
						"key": "WORKFLOW_CORDR_EXECUTE.mem",
                        "displayname": "WORKFLOW_CORDR_EXECUTE",
                        "aggregation": "SUM",
                        "mergeaggregation": "SUM",
                        "seriestype": "area",
                        "stacked": true
					},
					{
						"key": "WORKFLOW_ENGNE_INVOKE.mem",
                        "displayname": "WORKFLOW_ENGNE_INVOKE",
                        "aggregation": "SUM",
                        "mergeaggregation": "SUM",
                        "seriestype": "area",
                        "stacked": true
					},
					{
						"key": "SARM_IO.mem",
                        "displayname": "SARM_IO",
                        "aggregation": "SUM",
                        "mergeaggregation": "SUM",
                        "seriestype": "area",
                        "stacked": true
					},
					{
						"key": "SWSE_COMPRESS.mem",
                        "displayname": "SWSE_COMPRESS",
                        "aggregation": "SUM",
                        "mergeaggregation": "SUM",
                        "seriestype": "area",
                        "stacked": true
					},
					{
						"key": "SWSE_LOGIN.mem",
                        "displayname": "SWSE_LOGIN",
                        "aggregation": "SUM",
                        "mergeaggregation": "SUM",
                        "seriestype": "area",
                        "stacked": true
					},
					{
						"key": "SWSE_REQUEST.mem",
                        "displayname": "SWSE_REQUEST",
                        "aggregation": "SUM",
                        "mergeaggregation": "SUM",
                        "seriestype": "area",
                        "stacked": true
					},
					{
						"key": "SWSE_SENDMSG.mem",
                        "displayname": "SWSE_SENDMSG",
                        "aggregation": "SUM",
                        "mergeaggregation": "SUM",
                        "seriestype": "area",
                        "stacked": true
					},
					{
						"key": "INFRA_CACHESTATS.mem",
                        "displayname": "INFRA_CACHESTATS",
                        "aggregation": "SUM",
                        "mergeaggregation": "SUM",
                        "seriestype": "area",
                        "stacked": true
					},
					{
						"key": "INFRA_ENTRY.mem",
                        "displayname": "INFRA_ENTRY",
                        "aggregation": "SUM",
                        "mergeaggregation": "SUM",
                        "seriestype": "area",
                        "stacked": true
					},
					{
						"key": "OBJMGR_SESS_LOGIN.mem",
                        "displayname": "OBJMGR_SESS_LOGIN",
                        "aggregation": "SUM",
                        "mergeaggregation": "SUM",
                        "seriestype": "area",
                        "stacked": true
					},
					{
						"key": "SWE_CMD_SWEUAID.mem",
                        "displayname": "SWE_CMD_SWEUAID",
                        "aggregation": "SUM",
                        "mergeaggregation": "SUM",
                        "seriestype": "area",
                        "stacked": true
					},
					{
						"key": "SWEPAGE_APPLET_BUILD.mem",
                        "displayname": "SWEPAGE_APPLET_BUILD",
                        "aggregation": "SUM",
                        "mergeaggregation": "SUM",
                        "seriestype": "area",
                        "stacked": true
					},
					{
						"key": "SWEPAGE_APPLET_SHOW.mem",
                        "displayname": "SWEPAGE_APPLET_SHOW",
                        "aggregation": "SUM",
                        "mergeaggregation": "SUM",
                        "seriestype": "area",
                        "stacked": true
					},
					{
						"key": "SWEPAGE_VIEW_BUILD.mem",
                        "displayname": "SWEPAGE_VIEW_BUILD",
                        "aggregation": "SUM",
                        "mergeaggregation": "SUM",
                        "seriestype": "area",
                        "stacked": true
					},
					{
						"key": "SWEPAGE_VIEW_LAYOUT.mem",
                        "displayname": "SWEPAGE_VIEW_LAYOUT",
                        "aggregation": "SUM",
                        "mergeaggregation": "SUM",
                        "seriestype": "area",
                        "stacked": true
					},
					{
						"key": "SWEPAGE_VIEW_SHOW.mem",
                        "displayname": "SWEPAGE_VIEW_SHOW",
                        "aggregation": "SUM",
                        "mergeaggregation": "SUM",
                        "seriestype": "area",
                        "stacked": true
					},
					{
						"key": "OTHER.mem",
                        "displayname": "OTHER",
                        "aggregation": "SUM",
                        "mergeaggregation": "SUM",
                        "seriestype": "area",
                        "stacked": true
					}
				]
			}
        ],
		"charts": [
			{
				"group": "COM_INVOKE_METHOD",
				"title": "Usage",
				"series": [
					{
						"key": "COM_INVOKE_METHOD.cnt",
						"displayname": "Requests",
                        "aggregation": "SUM"
					}
				]
			},
			{
				"group": "COM_INVOKE_METHOD",
				"title": "Performance",
				"series": [
					{
						"key": "COM_INVOKE_METHOD.time",
						"displayname": "Response time",
                        "aggregation": "AVG"
					}
				]
			},
			{
				"group": "COM_INVOKE_METHOD",
				"title": "CPU usage",
				"series": [
					{
						"key": "COM_INVOKE_METHOD.cpu",
                        "displayname": "Time",
                        "aggregation": "SUM"
					}
				]
			},
			{
				"group": "COM_INVOKE_METHOD",
				"title": "Memory",
				"series": [
					{
						"key": "COM_INVOKE_METHOD.mem",
						"displayname": "Usage",
                        "aggregation": "SUM"
					}
				]
			},
			{
				"group": "DBC_EXECUTE",
				"title": "Usage",
				"series": [
					{
						"key": "DBC_EXECUTE.cnt",
						"displayname": "Requests",
                        "aggregation": "SUM"
					}
				]
			},
			{
				"group": "DBC_EXECUTE",
				"title": "Performance",
				"series": [
					{
						"key": "DBC_EXECUTE.time",
						"displayname": "Response time",
                        "aggregation": "AVG"
					}
				]
			},
			{
				"group": "DBC_EXECUTE",
				"title": "CPU usage",
				"series": [
					{
						"key": "DBC_EXECUTE.cpu",
                        "displayname": "Time",
                        "aggregation": "SUM"
					}
				]
			},
			{
				"group": "DBC_EXECUTE",
				"title": "Memory",
				"series": [
					{
						"key": "DBC_EXECUTE.mem",
						"displayname": "Usage",
                        "aggregation": "SUM"
					}
				]
			},
			{
				"group": "DBC_FETCH",
				"title": "Usage",
				"series": [
					{
						"key": "DBC_FETCH.cnt",
						"displayname": "Requests",
                        "aggregation": "SUM"
					}
				]
			},
			{
				"group": "DBC_FETCH",
				"title": "Performance",
				"series": [
					{
						"key": "DBC_FETCH.time",
						"displayname": "Response time",
                        "aggregation": "AVG"
					}
				]
			},
			{
				"group": "DBC_FETCH",
				"title": "CPU usage",
				"series": [
					{
						"key": "DBC_FETCH.cpu",
                        "displayname": "Time",
                        "aggregation": "SUM"
					}
				]
			},
			{
				"group": "DBC_FETCH",
				"title": "Memory",
				"series": [
					{
						"key": "DBC_FETCH.mem",
						"displayname": "Usage",
                        "aggregation": "SUM"
					}
				]
			},
			{
				"group": "DBC_PREPARE",
				"title": "Usage",
				"series": [
					{
						"key": "DBC_PREPARE.cnt",
						"displayname": "Requests",
                        "aggregation": "SUM"
					}
				]
			},
			{
				"group": "DBC_PREPARE",
				"title": "Performance",
				"series": [
					{
						"key": "DBC_PREPARE.time",
						"displayname": "Response time",
                        "aggregation": "AVG"
					}
				]
			},
			{
				"group": "DBC_PREPARE",
				"title": "CPU usage",
				"series": [
					{
						"key": "DBC_PREPARE.cpu",
                        "displayname": "Time",
                        "aggregation": "SUM"
					}
				]
			},
			{
				"group": "DBC_PREPARE",
				"title": "Memory",
				"series": [
					{
						"key": "DBC_PREPARE.mem",
						"displayname": "Usage",
                        "aggregation": "SUM"
					}
				]
			},
			{
				"group": "DBC_WRITE",
				"title": "Usage",
				"series": [
					{
						"key": "DBC_WRITE.cnt",
						"displayname": "Requests",
                        "aggregation": "SUM"
					}
				]
			},
			{
				"group": "DBC_WRITE",
				"title": "Performance",
				"series": [
					{
						"key": "DBC_WRITE.time",
						"displayname": "Response time",
                        "aggregation": "AVG"
					}
				]
			},
			{
				"group": "DBC_WRITE",
				"title": "CPU usage",
				"series": [
					{
						"key": "DBC_WRITE.cpu",
                        "displayname": "Time",
                        "aggregation": "SUM"
					}
				]
			},
			{
				"group": "DBC_WRITE",
				"title": "Memory",
				"series": [
					{
						"key": "DBC_WRITE.mem",
						"displayname": "Usage",
                        "aggregation": "SUM"
					}
				]
			},
			{
				"group": "EAITRANSP_TRANSPORT_SEND_RECEIVE",
				"title": "Usage",
				"series": [
					{
						"key": "EAITRANSP_TRANSPORT_SEND_RECEIVE.cnt",
						"displayname": "Requests",
                        "aggregation": "SUM"
					}
				]
			},
			{
				"group": "EAITRANSP_TRANSPORT_SEND_RECEIVE",
				"title": "Performance",
				"series": [
					{
						"key": "EAITRANSP_TRANSPORT_SEND_RECEIVE.time",
						"displayname": "Response time",
                        "aggregation": "AVG"
					}
				]
			},
			{
				"group": "EAITRANSP_TRANSPORT_SEND_RECEIVE",
				"title": "CPU usage",
				"series": [
					{
						"key": "EAITRANSP_TRANSPORT_SEND_RECEIVE.cpu",
                        "displayname": "Time",
                        "aggregation": "SUM"
					}
				]
			},
			{
				"group": "EAITRANSP_TRANSPORT_SEND_RECEIVE",
				"title": "Memory",
				"series": [
					{
						"key": "EAITRANSP_TRANSPORT_SEND_RECEIVE.mem",
						"displayname": "Usage",
                        "aggregation": "SUM"
					}
				]
			},
			{
				"group": "FSM_SENDREQ",
				"title": "Usage",
				"series": [
					{
						"key": "FSM_SENDREQ.cnt",
						"displayname": "Requests",
                        "aggregation": "SUM"
					}
				]
			},
			{
				"group": "FSM_SENDREQ",
				"title": "Performance",
				"series": [
					{
						"key": "FSM_SENDREQ.time",
						"displayname": "Response time",
                        "aggregation": "AVG"
					}
				]
			},
			{
				"group": "FSM_SENDREQ",
				"title": "CPU usage",
				"series": [
					{
						"key": "FSM_SENDREQ.cpu",
                        "displayname": "Time",
                        "aggregation": "SUM"
					}
				]
			},
			{
				"group": "FSM_SENDREQ",
				"title": "Memory",
				"series": [
					{
						"key": "FSM_SENDREQ.mem",
						"displayname": "Usage",
                        "aggregation": "SUM"
					}
				]
			},
			{
				"group": "SCRIPT_B_EXECUTE_EVENT",
				"title": "Usage",
				"series": [
					{
						"key": "SCRIPT_B_EXECUTE_EVENT.cnt",
						"displayname": "Requests",
                        "aggregation": "SUM"
					}
				]
			},
			{
				"group": "SCRIPT_B_EXECUTE_EVENT",
				"title": "Performance",
				"series": [
					{
						"key": "SCRIPT_B_EXECUTE_EVENT.time",
						"displayname": "Response time",
                        "aggregation": "AVG"
					}
				]
			},
			{
				"group": "SCRIPT_B_EXECUTE_EVENT",
				"title": "CPU usage",
				"series": [
					{
						"key": "SCRIPT_B_EXECUTE_EVENT.cpu",
                        "displayname": "Time",
                        "aggregation": "SUM"
					}
				]
			},
			{
				"group": "SCRIPT_B_EXECUTE_EVENT",
				"title": "Memory",
				"series": [
					{
						"key": "SCRIPT_B_EXECUTE_EVENT.mem",
						"displayname": "Usage",
                        "aggregation": "SUM"
					}
				]
			},
			{
				"group": "SCRIPT_J_EXECUTE_EVENT",
				"title": "Usage",
				"series": [
					{
						"key": "SCRIPT_J_EXECUTE_EVENT.cnt",
						"displayname": "Requests",
                        "aggregation": "SUM"
					}
				]
			},
			{
				"group": "SCRIPT_J_EXECUTE_EVENT",
				"title": "Performance",
				"series": [
					{
						"key": "SCRIPT_J_EXECUTE_EVENT.time",
						"displayname": "Response time",
                        "aggregation": "AVG"
					}
				]
			},
			{
				"group": "SCRIPT_J_EXECUTE_EVENT",
				"title": "CPU usage",
				"series": [
					{
						"key": "SCRIPT_J_EXECUTE_EVENT.cpu",
                        "displayname": "Time",
                        "aggregation": "SUM"
					}
				]
			},
			{
				"group": "SCRIPT_J_EXECUTE_EVENT",
				"title": "Memory",
				"series": [
					{
						"key": "SCRIPT_J_EXECUTE_EVENT.mem",
						"displayname": "Usage",
                        "aggregation": "SUM"
					}
				]
			},
			{
				"group": "SRB_ASYNCMSG",
				"title": "Usage",
				"series": [
					{
						"key": "SRB_ASYNCMSG.cnt",
						"displayname": "Requests",
                        "aggregation": "SUM"
					}
				]
			},
			{
				"group": "SRB_ASYNCMSG",
				"title": "Performance",
				"series": [
					{
						"key": "SRB_ASYNCMSG.time",
						"displayname": "Response time",
                        "aggregation": "AVG"
					}
				]
			},
			{
				"group": "SRB_ASYNCMSG",
				"title": "CPU usage",
				"series": [
					{
						"key": "SRB_ASYNCMSG.cpu",
                        "displayname": "Time",
                        "aggregation": "SUM"
					}
				]
			},
			{
				"group": "SRB_ASYNCMSG",
				"title": "Memory",
				"series": [
					{
						"key": "SRB_ASYNCMSG.mem",
						"displayname": "Usage",
                        "aggregation": "SUM"
					}
				]
			},
			{
				"group": "SRB_SYNCMSG",
				"title": "Usage",
				"series": [
					{
						"key": "SRB_SYNCMSG.cnt",
						"displayname": "Requests",
                        "aggregation": "SUM"
					}
				]
			},
			{
				"group": "SRB_SYNCMSG",
				"title": "Performance",
				"series": [
					{
						"key": "SRB_SYNCMSG.time",
						"displayname": "Response time",
                        "aggregation": "AVG"
					}
				]
			},
			{
				"group": "SRB_SYNCMSG",
				"title": "CPU usage",
				"series": [
					{
						"key": "SRB_SYNCMSG.cpu",
                        "displayname": "Time",
                        "aggregation": "SUM"
					}
				]
			},
			{
				"group": "SRB_SYNCMSG",
				"title": "Memory",
				"series": [
					{
						"key": "SRB_SYNCMSG.mem",
						"displayname": "Usage",
                        "aggregation": "SUM"
					}
				]
			},
			{
				"group": "SRM_COMPSHELL",
				"title": "Usage",
				"series": [
					{
						"key": "SRM_COMPSHELL.cnt",
						"displayname": "Requests",
                        "aggregation": "SUM"
					}
				]
			},
			{
				"group": "SRM_COMPSHELL",
				"title": "Performance",
				"series": [
					{
						"key": "SRM_COMPSHELL.time",
						"displayname": "Response time",
                        "aggregation": "AVG"
					}
				]
			},
			{
				"group": "SRM_COMPSHELL",
				"title": "CPU usage",
				"series": [
					{
						"key": "SRM_COMPSHELL.cpu",
                        "displayname": "Time",
                        "aggregation": "SUM"
					}
				]
			},
			{
				"group": "SRM_COMPSHELL",
				"title": "Memory",
				"series": [
					{
						"key": "SRM_COMPSHELL.mem",
						"displayname": "Usage",
                        "aggregation": "SUM"
					}
				]
			},
			{
				"group": "WORKFLOW_CORDR_EXECUTE",
				"title": "Usage",
				"series": [
					{
						"key": "WORKFLOW_CORDR_EXECUTE.cnt",
						"displayname": "Requests",
                        "aggregation": "SUM"
					}
				]
			},
			{
				"group": "WORKFLOW_CORDR_EXECUTE",
				"title": "Performance",
				"series": [
					{
						"key": "WORKFLOW_CORDR_EXECUTE.time",
						"displayname": "Response time",
                        "aggregation": "AVG"
					}
				]
			},
			{
				"group": "WORKFLOW_CORDR_EXECUTE",
				"title": "CPU usage",
				"series": [
					{
						"key": "WORKFLOW_CORDR_EXECUTE.cpu",
                        "displayname": "Time",
                        "aggregation": "SUM"
					}
				]
			},
			{
				"group": "WORKFLOW_CORDR_EXECUTE",
				"title": "Memory",
				"series": [
					{
						"key": "WORKFLOW_CORDR_EXECUTE.mem",
						"displayname": "Usage",
                        "aggregation": "SUM"
					}
				]
			},
			{
				"group": "WORKFLOW_ENGNE_INVOKE",
				"title": "Usage",
				"series": [
					{
						"key": "WORKFLOW_ENGNE_INVOKE.cnt",
						"displayname": "Requests",
                        "aggregation": "SUM"
					}
				]
			},
			{
				"group": "WORKFLOW_ENGNE_INVOKE",
				"title": "Performance",
				"series": [
					{
						"key": "WORKFLOW_ENGNE_INVOKE.time",
						"displayname": "Response time",
                        "aggregation": "AVG"
					}
				]
			},
			{
				"group": "WORKFLOW_ENGNE_INVOKE",
				"title": "CPU usage",
				"series": [
					{
						"key": "WORKFLOW_ENGNE_INVOKE.cpu",
                        "displayname": "Time",
                        "aggregation": "SUM"
					}
				]
			},
			{
				"group": "WORKFLOW_ENGNE_INVOKE",
				"title": "Memory",
				"series": [
					{
						"key": "WORKFLOW_ENGNE_INVOKE.mem",
						"displayname": "Usage",
                        "aggregation": "SUM"
					}
				]
			},
			{
				"group": "OTHER",
				"title": "Usage",
				"series": [
					{
						"key": "OTHER.cnt",
						"displayname": "Requests",
                        "aggregation": "SUM"
					}
				]
			},
			{
				"group": "OTHER",
				"title": "Performance",
				"series": [
					{
						"key": "OTHER.time",
						"displayname": "Response time",
                        "aggregation": "AVG"
					}
				]
			},
			{
				"group": "OTHER",
				"title": "CPU usage",
				"series": [
					{
						"key": "OTHER.cpu",
                        "displayname": "Time",
                        "aggregation": "SUM"
					}
				]
			},
			{
				"group": "OTHER",
				"title": "Memory",
				"series": [
					{
						"key": "OTHER.mem",
						"displayname": "Usage",
                        "aggregation": "SUM"
					}
				]
			},
			{
				"group": "SWSE_SENDMSG",
				"title": "Usage",
				"series": [
					{
						"key": "SWSE_SENDMSG.cnt",
						"displayname": "Requests",
                        "aggregation": "SUM"
					}
				]
			},
			{
				"group": "SWSE_SENDMSG",
				"title": "Performance",
				"series": [
					{
						"key": "SWSE_SENDMSG.time",
						"displayname": "Response time",
                        "aggregation": "AVG"
					}
				]
			},
			{
				"group": "SWSE_SENDMSG",
				"title": "CPU usage",
				"series": [
					{
						"key": "SWSE_SENDMSG.cpu",
                        "displayname": "Time",
                        "aggregation": "SUM"
					}
				]
			},
			{
				"group": "SWSE_SENDMSG",
				"title": "Memory",
				"series": [
					{
						"key": "SWSE_SENDMSG.mem",
						"displayname": "Usage",
                        "aggregation": "SUM"
					}
				]
			},
			{
				"group": "SWSE_REQUEST",
				"title": "Usage",
				"series": [
					{
						"key": "SWSE_REQUEST.cnt",
						"displayname": "Requests",
                        "aggregation": "SUM"
					}
				]
			},
			{
				"group": "SWSE_REQUEST",
				"title": "Performance",
				"series": [
					{
						"key": "SWSE_REQUEST.time",
						"displayname": "Response time",
                        "aggregation": "AVG"
					}
				]
			},
			{
				"group": "SWSE_REQUEST",
				"title": "CPU usage",
				"series": [
					{
						"key": "SWSE_REQUEST.cpu",
                        "displayname": "Time",
                        "aggregation": "SUM"
					}
				]
			},
			{
				"group": "SWSE_REQUEST",
				"title": "Memory",
				"series": [
					{
						"key": "SWSE_REQUEST.mem",
						"displayname": "Usage",
                        "aggregation": "SUM"
					}
				]
			},
			{
				"group": "SWSE_LOGIN",
				"title": "Usage",
				"series": [
					{
						"key": "SWSE_LOGIN.cnt",
						"displayname": "Requests",
                        "aggregation": "SUM"
					}
				]
			},
			{
				"group": "SWSE_LOGIN",
				"title": "Performance",
				"series": [
					{
						"key": "SWSE_LOGIN.time",
						"displayname": "Response time",
                        "aggregation": "AVG"
					}
				]
			},
			{
				"group": "SWSE_LOGIN",
				"title": "CPU usage",
				"series": [
					{
						"key": "SWSE_LOGIN.cpu",
                        "displayname": "Time",
                        "aggregation": "SUM"
					}
				]
			},
			{
				"group": "SWSE_LOGIN",
				"title": "Memory",
				"series": [
					{
						"key": "SWSE_LOGIN.mem",
						"displayname": "Usage",
                        "aggregation": "SUM"
					}
				]
			},
			{
				"group": "SWSE_COMPRESS",
				"title": "Usage",
				"series": [
					{
						"key": "SWSE_COMPRESS.cnt",
						"displayname": "Requests",
                        "aggregation": "SUM"
					}
				]
			},
			{
				"group": "SWSE_COMPRESS",
				"title": "Performance",
				"series": [
					{
						"key": "SWSE_COMPRESS.time",
						"displayname": "Response time",
                        "aggregation": "AVG"
					}
				]
			},
			{
				"group": "SWSE_COMPRESS",
				"title": "CPU usage",
				"series": [
					{
						"key": "SWSE_COMPRESS.cpu",
                        "displayname": "Time",
                        "aggregation": "SUM"
					}
				]
			},
			{
				"group": "SWSE_COMPRESS",
				"title": "Memory",
				"series": [
					{
						"key": "SWSE_COMPRESS.mem",
						"displayname": "Usage",
                        "aggregation": "SUM"
					}
				]
			},
			{
				"group": "SARM_IO",
				"title": "Usage",
				"series": [
					{
						"key": "SARM_IO.cnt",
						"displayname": "Requests",
                        "aggregation": "SUM"
					}
				]
			},
			{
				"group": "SARM_IO",
				"title": "Performance",
				"series": [
					{
						"key": "SARM_IO.time",
						"displayname": "Response time",
                        "aggregation": "AVG"
					}
				]
			},
			{
				"group": "SARM_IO",
				"title": "CPU usage",
				"series": [
					{
						"key": "SARM_IO.cpu",
                        "displayname": "Time",
                        "aggregation": "SUM"
					}
				]
			},
			{
				"group": "SARM_IO",
				"title": "Memory",
				"series": [
					{
						"key": "SARM_IO.mem",
						"displayname": "Usage",
                        "aggregation": "SUM"
					}
				]
			},
			{
				"group": "INFRA_CACHESTATS",
				"title": "Usage",
				"series": [
					{
						"key": "INFRA_CACHESTATS.cnt",
						"displayname": "Requests",
                        "aggregation": "SUM"
					}
				]
			},
			{
				"group": "INFRA_CACHESTATS",
				"title": "Performance",
				"series": [
					{
						"key": "INFRA_CACHESTATS.time",
						"displayname": "Response time",
                        "aggregation": "AVG"
					}
				]
			},
			{
				"group": "INFRA_CACHESTATS",
				"title": "CPU usage",
				"series": [
					{
						"key": "INFRA_CACHESTATS.cpu",
                        "displayname": "Time",
                        "aggregation": "SUM"
					}
				]
			},
			{
				"group": "INFRA_CACHESTATS",
				"title": "Memory",
				"series": [
					{
						"key": "INFRA_CACHESTATS.mem",
						"displayname": "Usage",
                        "aggregation": "SUM"
					}
				]
			},
			{
				"group": "INFRA_ENTRY",
				"title": "Usage",
				"series": [
					{
						"key": "INFRA_ENTRY.cnt",
						"displayname": "Requests",
                        "aggregation": "SUM"
					}
				]
			},
			{
				"group": "INFRA_ENTRY",
				"title": "Performance",
				"series": [
					{
						"key": "INFRA_ENTRY.time",
						"displayname": "Response time",
                        "aggregation": "AVG"
					}
				]
			},
			{
				"group": "INFRA_ENTRY",
				"title": "CPU usage",
				"series": [
					{
						"key": "INFRA_ENTRY.cpu",
                        "displayname": "Time",
                        "aggregation": "SUM"
					}
				]
			},
			{
				"group": "INFRA_ENTRY",
				"title": "Memory",
				"series": [
					{
						"key": "INFRA_ENTRY.mem",
						"displayname": "Usage",
                        "aggregation": "SUM"
					}
				]
			},
			{
				"group": "OBJMGR_SESS_LOGIN",
				"title": "Usage",
				"series": [
					{
						"key": "OBJMGR_SESS_LOGIN.cnt",
						"displayname": "Requests",
                        "aggregation": "SUM"
					}
				]
			},
			{
				"group": "OBJMGR_SESS_LOGIN",
				"title": "Performance",
				"series": [
					{
						"key": "OBJMGR_SESS_LOGIN.time",
						"displayname": "Response time",
                        "aggregation": "AVG"
					}
				]
			},
			{
				"group": "OBJMGR_SESS_LOGIN",
				"title": "CPU usage",
				"series": [
					{
						"key": "OBJMGR_SESS_LOGIN.cpu",
                        "displayname": "Time",
                        "aggregation": "SUM"
					}
				]
			},
			{
				"group": "OBJMGR_SESS_LOGIN",
				"title": "Memory",
				"series": [
					{
						"key": "OBJMGR_SESS_LOGIN.mem",
						"displayname": "Usage",
                        "aggregation": "SUM"
					}
				]
			},
			{
				"group": "SWE_CMD_SWEUAID",
				"title": "Usage",
				"series": [
					{
						"key": "SWE_CMD_SWEUAID.cnt",
						"displayname": "Requests",
                        "aggregation": "SUM"
					}
				]
			},
			{
				"group": "SWE_CMD_SWEUAID",
				"title": "Performance",
				"series": [
					{
						"key": "SWE_CMD_SWEUAID.time",
						"displayname": "Response time",
                        "aggregation": "AVG"
					}
				]
			},
			{
				"group": "SWE_CMD_SWEUAID",
				"title": "CPU usage",
				"series": [
					{
						"key": "SWE_CMD_SWEUAID.cpu",
                        "displayname": "Time",
                        "aggregation": "SUM"
					}
				]
			},
			{
				"group": "SWE_CMD_SWEUAID",
				"title": "Memory",
				"series": [
					{
						"key": "SWE_CMD_SWEUAID.mem",
						"displayname": "Usage",
                        "aggregation": "SUM"
					}
				]
			},
			{
				"group": "SWEPAGE_APPLET_BUILD",
				"title": "Usage",
				"series": [
					{
						"key": "SWEPAGE_APPLET_BUILD.cnt",
						"displayname": "Requests",
                        "aggregation": "SUM"
					}
				]
			},
			{
				"group": "SWEPAGE_APPLET_BUILD",
				"title": "Performance",
				"series": [
					{
						"key": "SWEPAGE_APPLET_BUILD.time",
						"displayname": "Response time",
                        "aggregation": "AVG"
					}
				]
			},
			{
				"group": "SWEPAGE_APPLET_BUILD",
				"title": "CPU usage",
				"series": [
					{
						"key": "SWEPAGE_APPLET_BUILD.cpu",
                        "displayname": "Time",
                        "aggregation": "SUM"
					}
				]
			},
			{
				"group": "SWEPAGE_APPLET_BUILD",
				"title": "Memory",
				"series": [
					{
						"key": "SWEPAGE_APPLET_BUILD.mem",
						"displayname": "Usage",
                        "aggregation": "SUM"
					}
				]
			},
			{
				"group": "SWEPAGE_APPLET_SHOW",
				"title": "Usage",
				"series": [
					{
						"key": "SWEPAGE_APPLET_SHOW.cnt",
						"displayname": "Requests",
                        "aggregation": "SUM"
					}
				]
			},
			{
				"group": "SWEPAGE_APPLET_SHOW",
				"title": "Performance",
				"series": [
					{
						"key": "SWEPAGE_APPLET_SHOW.time",
						"displayname": "Response time",
                        "aggregation": "AVG"
					}
				]
			},
			{
				"group": "SWEPAGE_APPLET_SHOW",
				"title": "CPU usage",
				"series": [
					{
						"key": "SWEPAGE_APPLET_SHOW.cpu",
                        "displayname": "Time",
                        "aggregation": "SUM"
					}
				]
			},
			{
				"group": "SWEPAGE_APPLET_SHOW",
				"title": "Memory",
				"series": [
					{
						"key": "SWEPAGE_APPLET_SHOW.mem",
						"displayname": "Usage",
                        "aggregation": "SUM"
					}
				]
			},
			{
				"group": "SWEPAGE_VIEW_BUILD",
				"title": "Usage",
				"series": [
					{
						"key": "SWEPAGE_VIEW_BUILD.cnt",
						"displayname": "Requests",
                        "aggregation": "SUM"
					}
				]
			},
			{
				"group": "SWEPAGE_VIEW_BUILD",
				"title": "Performance",
				"series": [
					{
						"key": "SWEPAGE_VIEW_BUILD.time",
						"displayname": "Response time",
                        "aggregation": "AVG"
					}
				]
			},
			{
				"group": "SWEPAGE_VIEW_BUILD",
				"title": "CPU usage",
				"series": [
					{
						"key": "SWEPAGE_VIEW_BUILD.cpu",
                        "displayname": "Time",
                        "aggregation": "SUM"
					}
				]
			},
			{
				"group": "SWEPAGE_VIEW_BUILD",
				"title": "Memory",
				"series": [
					{
						"key": "SWEPAGE_VIEW_BUILD.mem",
						"displayname": "Usage",
                        "aggregation": "SUM"
					}
				]
			},
			{
				"group": "SWEPAGE_VIEW_LAYOUT",
				"title": "Usage",
				"series": [
					{
						"key": "SWEPAGE_VIEW_LAYOUT.cnt",
						"displayname": "Requests",
                        "aggregation": "SUM"
					}
				]
			},
			{
				"group": "SWEPAGE_VIEW_LAYOUT",
				"title": "Performance",
				"series": [
					{
						"key": "SWEPAGE_VIEW_LAYOUT.time",
						"displayname": "Response time",
                        "aggregation": "AVG"
					}
				]
			},
			{
				"group": "SWEPAGE_VIEW_LAYOUT",
				"title": "CPU usage",
				"series": [
					{
						"key": "SWEPAGE_VIEW_LAYOUT.cpu",
                        "displayname": "Time",
                        "aggregation": "SUM"
					}
				]
			},
			{
				"group": "SWEPAGE_VIEW_LAYOUT",
				"title": "Memory",
				"series": [
					{
						"key": "SWEPAGE_VIEW_LAYOUT.mem",
						"displayname": "Usage",
                        "aggregation": "SUM"
					}
				]
			},
			{
				"group": "SWEPAGE_VIEW_SHOW",
				"title": "Usage",
				"series": [
					{
						"key": "SWEPAGE_VIEW_SHOW.cnt",
						"displayname": "Requests",
                        "aggregation": "SUM"
					}
				]
			},
			{
				"group": "SWEPAGE_VIEW_SHOW",
				"title": "Performance",
				"series": [
					{
						"key": "SWEPAGE_VIEW_SHOW.time",
						"displayname": "Response time",
                        "aggregation": "AVG"
					}
				]
			},
			{
				"group": "SWEPAGE_VIEW_SHOW",
				"title": "CPU usage",
				"series": [
					{
						"key": "SWEPAGE_VIEW_SHOW.cpu",
                        "displayname": "Time",
                        "aggregation": "SUM"
					}
				]
			},
			{
				"group": "SWEPAGE_VIEW_SHOW",
				"title": "Memory",
				"series": [
					{
						"key": "SWEPAGE_VIEW_SHOW.mem",
						"displayname": "Usage",
                        "aggregation": "SUM"
					}
				]
			}
        ]
	},
	"properties": [
		{
			"key": "logPath",
			"type": "String"
		},
		{
			"key": "sarmquery",
			"type": "String"
		}
	],
	"configUI" :{
		"displayName": "Siebel",
		"properties" : [
			{ "key" : "logPath", "displayName": "SARM logs location, enter directory or environment variable name", "displayOrder": 1, "displayHint": "E:/APPS/Siebel/8.1.1.11.0/ses/siebsrvr/log or, for example, SIEBEL_LOG_DIR"},
			{ "key" : "sarmquery", "displayName": "Path to sarmquery executable, enter directory or environment variable name", "displayOrder": 2, "displayHint": "C:/Siebel/sarmquery or, for example, SIEBEL_SARMQUERY"}
		]
	}
}
